{"episode_returns": [2.3195316173003846, 6.450222074649247, 32.733933513208825, 31.509974710394886, 71.32643771560492, 19.732399459544638, 53.29953237659953, 106.39861197484714, 108.11654395652272, 104.00914031460482, 6.5011013281921635, 117.27852471846944, 212.79013182879473, 90.89355031634142, 129.31486088228482, 139.3744556932724, 127.7321202814463, 106.60728538950545, 206.99694570435219, 160.3876817641668, 34.12266402681334, 132.3771012515909, 104.89384530871013, 134.4930281008345, 7.052721833355122, 100.36117835785888, 72.52690376316937, 93.1926657013152, 95.42111025627011, 238.74158081638714, 156.87835476461817, 311.0672593266506, 265.9907596377809, 135.5563392385818, 120.13582806686625, 142.63624614323297, 95.00767799653414, 104.8968796844517, 109.80278207116947, 114.16764792510901, 98.15821703995223, 153.82319891037523, 210.36112135006954, 290.21399069219575, 115.22560910621394, 234.67295544810705, 237.58649614289374, 105.92555542893732, 143.3354311879387, 105.84748367385356, 97.82614049193077, 286.6877414895232, 291.00183971713, 293.0292921448773, 121.38664627982843, 109.84232777619144, 296.33878733675994, 289.156861993949, 294.0779180107597, 103.8659268375981, 106.78037524019754, 291.4366068682953, 294.1971186345143, 297.44940342284264, 291.1686318109365, 297.90338391685634, 294.4140451672545, 302.1964362100255, 104.9174467389756, 297.68388421734437, 216.04321073783552, 705.6898519392372, 104.88042052612212, 106.5749520975481, 137.46473477514604, 335.2619044707976, 105.21967079629849, 107.88708270325347, 107.90097082681035, 218.8165144072481, 294.7079117747165, 106.65067708046737, 211.2657420085747, 107.79700822845666, 104.87101236506908, 89.23185795204878, 313.9386609268207, 108.87362538818249, 289.81664976993073, 304.17629509166744, 298.60835119497244, 298.2111444073495, 110.82047507148741, 112.78069072251085, 110.9184188482331, 63.736291031685056, 107.09400312634361, 107.56587856120689, 296.5988449954449, 140.33875385306388, 286.6446886274809, 287.88109461107297, 286.68774148952286, 291.3218538034081, 113.81448738169186, 110.88611769889667, 109.5646422962798, 299.9947185807406, 162.83399454866543, 141.3719725240724, 133.79201692465, 105.87694007596392, 296.6352794373932, 104.68038785579722, 310.27828761443675, 143.3354311879388, 102.79874069437776, 293.191504571047, 292.6811322856261, 166.61288751502858], "wall_time_s": 9.863343792036176, "first_clean_episode": 64, "first_clean_wall_s": 4.908260750002228, "best_lap_s": 18.500000370000002, "agent": "quantum", "track": "chicane", "seed": 2, "episodes": 120}
