{"episode_returns": [35.76583435376841, 35.74775631717091, 43.1593778690476, 53.86815697448074, 65.63895678176362, 8.640427429302292, 12.918136367617478, 116.89213212561481, 53.97451216671527, 184.2954603625495, -3.3019311003384644, 109.51976736098769, 231.25610468412347, 234.26375323399313, 189.07902616093895, 234.25444031876532, 234.67435887858682, -9.602379512284955, 38.822291728095166, 189.79440253940018, -10.336946408440951, 231.2502534803138, -6.2721467917164375, 23.918760937179258, -1.7071405681828082, 12.879738669171388, 235.74679183801763, 235.13932947194837, 190.80226209550008, 235.70272384228403, 209.8361961567823, 643.8628126819734, 233.20487558143247, 68.21251990290975, 449.4790940401116, 417.59716691250276, 500.55851138200273, 105.17767531885585, 143.50760569859148, 203.91965033237014, 175.251278958422, 255.11940133864505, 329.87271298564315, 152.56038881540212, 74.63839043101805, 274.5334692988502, 51.05594223221718, 69.06188013510291, 63.65161601289327, 47.975276645198136, 123.27970665263379, 234.2699404274504, 87.47661676574688, 91.11112225953579, 79.28012751472247, 345.47481005084506, 148.7537566788619, 117.37607710690116, 468.582918898329, 842.11784299648, 210.9918722484795, 209.48036655124417, 325.82781508093683, 86.07858812828104, 86.79513040181081, 237.2620144955757, 187.49854428203938, 227.07848997673815, 231.33015981730466, 188.9863032483215, 24.845281901731084, 252.6925056362916, 119.72408048846268, 246.44304624241295, 226.24872503287523, 83.20607875074006, 571.2102008338853, 249.17855209893796, 128.11036421331147, 167.14833887770632, 231.27219127353354, 228.14700634478046, 66.7240025971501, 60.56849175714109, 86.87363411624133, 81.9173843333759, 236.73757437044335, 242.57011798085156, 161.38872173939623, 240.26145221227858, 307.60774898826276, 239.8159618362725, 226.24872503287546, 409.5202999418075, 240.1496611609252, 234.18977816288717, 231.25796923626382, 563.9471256101103, 534.2069431777693, 572.4580265726074, 624.911881207257, 242.79671380448252, 652.6161618767112, 235.0019712141678, 201.96772798382432, 862.0054218191582, 597.4154304826238, 599.0487677163866, 532.5965453986241, 651.0932478506379, 644.432365445253, 605.1428420874025, 190.79363659475504, 232.32990009667822, 241.07753786709515, 650.0970017936784, 235.23893420513687, 649.4830624835349, 242.7386351437738, 236.1075690872981], "wall_time_s": 11.645678291970398, "first_clean_episode": 29, "first_clean_wall_s": 1.926526749972254, "best_lap_s": 14.400000288000001, "agent": "quantum", "track": "chicane", "seed": 0, "episodes": 120}
