{"episode_returns": [13.366005724119105, 13.28238907441073, 101.1048817585015, 101.9468324781339, 104.58098251200687, 101.50773181955833, 109.81493463930363, 118.38600831153886, 137.6655183750481, 125.43271844215212, 97.84242763632113, 112.38859377655018, 113.32775873323831, 149.590563206926, 106.83494754985361, 218.05620663488622, 107.52273853907332, 284.9040569428311, 106.38954752887466, 213.35724421078928, 151.33720498470794, 210.6257955431711, 220.20128365278435, 223.26050248568296, 174.62428866584622, 219.2724500823749, 230.7428425618984, 216.20829479375524, 47.84771035055212, 294.7032623777601, 104.49499485734808, 168.7026476268901, 234.47270735390356, 238.1764933839067, 212.5675248988042, 213.27339733496893, 213.2893986817657, 215.55748749446926, 237.8325524312708, 235.75144866685736, 216.280018668289, 928.6489486939251, 106.52338358936458, 107.60988208897086, 237.25903438022007, 104.3786037978135, 220.79522355562904, 211.2657420085748, 219.1245843050341, 221.3917399584266, 217.64481621867023, 243.97705545236948, 235.77117858411376, 235.23893420513681, 243.03969935272372, 629.3788202573147, 240.1923270522549, 654.9957814644852, 232.24384614598395, 235.23893420513687, 1099.8304901658125, 292.68113228562584, 647.5370045319971, 574.4819796661345, 235.72206721897498, 165.8442506100058, 231.94592765477947, 646.8722273736662, 237.24675148474802, 241.74771525471377, 233.74018478923452, 238.6252291293061, 234.69941660515107, 241.18792982772467, 240.3867859328381, 235.23893420513687, 234.22817146572572, 232.24146753541555, 243.14183202651222, 241.32551706103956, 651.3560471203335, 648.6192149738031, 240.83217843553703, 236.89491290499944, 648.3589043252113, 70.9351207137531, 235.19298922317253, 241.76249791486958, 649.6038790567818, 648.7824868650202, 1472.2494653059339, 233.7401847892344, 239.84936456699563, 234.31312539307876, 234.1390439755596, 235.23893420513687, 234.40790013636132, 648.6378012473274, 648.845550284961, 240.90096806949262, 240.2389152152363, 240.8299539909006, 240.31688486982895, 233.09962761657073, 237.24376439457626, 648.2670986683913, 1059.9986234799244, 242.13593366924587, 231.31357667247383, 239.49494944821473, 237.09241783795076, 235.23893420513676, 649.1592699281912, 293.1964387896358, 650.2643031265836, 235.23893420513693, 237.07945411386618, 239.83492918813033, 242.65389002076077, 233.7401847892346], "wall_time_s": 13.576977957971394, "first_clean_episode": 28, "first_clean_wall_s": 2.5282846670015715, "best_lap_s": 15.300000306000001, "agent": "quantum", "track": "chicane", "seed": 1, "episodes": 120}
